Trait,VARIABLE,FULL_NAME,NGENES,BETA,SE,P,P_FDR (q-value),P_Bonferroni
Alcohol drinks,REACTOME_METABOLISM_OF_CARBO...,REACTOME_METABOLISM_OF_CARBOHYDRATES,2,7.0008,1.0757,3.0857e-10,9.8804114e-07,9.8804114e-07
Alcohol drinks,GOBP_IMPORT_INTO_NUCLEUS,GOBP_IMPORT_INTO_NUCLEUS,2,6.8579,1.1885,1.5184e-08,2.4309583999999998e-05,4.8619167999999996e-05
Alcohol drinks,REACTOME_DISORDERS_OF_TRANSM...,REACTOME_DISORDERS_OF_TRANSMEMBRANE_TRANSPORTERS,2,6.5104,1.1683,4.0912e-08,4.3666741333333335e-05,0.000131000224
Alcohol drinks,GOBP_ETHANOL_METABOLIC_PROCE...,GOBP_ETHANOL_METABOLIC_PROCESS,2,4.5483,0.88014,2.8957e-07,0.00011590039250000002,0.00092720314
Alcohol drinks,GOBP_ETHANOL_OXIDATION,GOBP_ETHANOL_OXIDATION,2,4.5483,0.88014,2.8957e-07,0.00011590039250000002,0.00092720314
Alcohol drinks,GOBP_FIBROBLAST_GROWTH_FACTO...,GOBP_FIBROBLAST_GROWTH_FACTOR_RECEPTOR_SIGNALING_PATHWAY,2,4.6471,0.87752,1.5765e-07,0.00011590039250000002,0.0005047953
Alcohol drinks,KEGG_GLYCOLYSIS_GLUCONEOGENE...,KEGG_GLYCOLYSIS_GLUCONEOGENESIS,2,4.5483,0.88014,2.8957e-07,0.00011590039250000002,0.00092720314
Alcohol drinks,REACTOME_ETHANOL_OXIDATION,REACTOME_ETHANOL_OXIDATION,2,4.5483,0.88014,2.8957e-07,0.00011590039250000002,0.00092720314
Alcohol drinks,GOBP_CARBOHYDRATE_METABOLIC_...,GOBP_CARBOHYDRATE_METABOLIC_PROCESS,10,2.1609,0.43761,8.4001e-07,0.00029885689111111113,0.00268971202
Alcohol drinks,CORRE_MULTIPLE_MYELOMA_UP,CORRE_MULTIPLE_MYELOMA_UP,2,5.4431,1.1205,1.2092e-06,0.00038718584,0.0038718584
Alcohol drinks,BROWNE_HCMV_INFECTION_16HR_DN,BROWNE_HCMV_INFECTION_16HR_DN,2,4.1155,0.89089,3.4688e-06,0.0009255914666666667,0.011107097600000001
Alcohol drinks,KEGG_METABOLISM_OF_XENOBIOTI...,KEGG_METABOLISM_OF_XENOBIOTICS_BY_CYTOCHROME_P450,2,4.1243,0.89068,3.3074e-06,0.0009255914666666667,0.0105902948
Alcohol drinks,GOBP_PROTEIN_LOCALIZATION_TO...5,GOBP_PROTEIN_LOCALIZATION_TO_NUCLEUS,4,4.6064,1.0126,4.704e-06,0.0011586313846153847,0.015062208
Alcohol drinks,WP_FAMILIAL_HYPERLIPIDEMIA_T...,WP_FAMILIAL_HYPERLIPIDEMIA_TYPE_4,2,3.9569,0.89453,8.0284e-06,0.0018362097714285713,0.025706936799999996
Alcohol drinks,BROWNE_HCMV_INFECTION_2HR_UP,BROWNE_HCMV_INFECTION_2HR_UP,2,3.8879,0.89606,1.1432e-05,0.0020514708421052632,0.036605264
Alcohol drinks,GOMF_GROWTH_FACTOR_RECEPTOR_...,GOMF_GROWTH_FACTOR_RECEPTOR_BINDING,2,3.8859,0.89611,1.1547e-05,0.0020514708421052632,0.036973494
Alcohol drinks,WP_WNT_SIGNALING_PATHWAY,WP_WNT_SIGNALING_PATHWAY,2,3.9167,0.89542,9.8728e-06,0.0020514708421052632,0.0316127056
Alcohol drinks,ZHU_CMV_8_HR_DN,ZHU_CMV_8_HR_DN,2,3.8755,0.89634,1.2173e-05,0.0020514708421052632,0.038977946
Alcohol drinks,ZHU_CMV_ALL_DN,ZHU_CMV_ALL_DN,2,3.8755,0.89634,1.2173e-05,0.0020514708421052632,0.038977946
Alcohol drinks,GOBP_PRIMARY_ALCOHOL_METABOL...,GOBP_PRIMARY_ALCOHOL_METABOLIC_PROCESS,3,3.157,0.73406,1.3381e-05,0.0021422981,0.042845962
Alcohol drinks,REACTOME_SIGNALING_BY_FGFR,REACTOME_SIGNALING_BY_FGFR,2,3.8139,0.89768,1.6576e-05,0.0025274453333333333,0.05307635199999999
Alcohol drinks,GOMF_OXIDOREDUCTASE_ACTIVITY...1,GOMF_OXIDOREDUCTASE_ACTIVITY_ACTING_ON_CH_OH_GROUP_OF_DONORS,2,3.7955,0.89807,1.8163e-05,0.002643542090909091,0.058157926
Alcohol drinks,GOBP_MONOSACCHARIDE_METABOLI...,GOBP_MONOSACCHARIDE_METABOLIC_PROCESS,3,3.5553,0.84903,2.1255e-05,0.00283577125,0.06805851
Alcohol drinks,SMID_BREAST_CANCER_LUMINAL_A...,SMID_BREAST_CANCER_LUMINAL_A_UP,2,3.7662,0.8987,2.0981e-05,0.00283577125,0.067181162
Alcohol drinks,REACTOME_SIGNALING_BY_TYPE_1...,REACTOME_SIGNALING_BY_TYPE_1_INSULIN_LIKE_GROWTH_FACTOR_1_RECEPTOR_IGF1R,2,3.7431,0.89919,2.349e-05,0.0030085992,0.07521498
Alcohol drinks,SMID_BREAST_CANCER_RELAPSE_I...2,SMID_BREAST_CANCER_RELAPSE_IN_BONE_UP,5,2.648,0.63933,2.5551e-05,0.003146703923076923,0.081814302
Alcohol drinks,GOBP_RESPONSE_TO_FIBROBLAST_...,GOBP_RESPONSE_TO_FIBROBLAST_GROWTH_FACTOR,3,2.9329,0.73876,5.0345e-05,0.005970544074074074,0.16120469
Alcohol drinks,GOBP_ALCOHOL_METABOLIC_PROCE...,GOBP_ALCOHOL_METABOLIC_PROCESS,5,2.5046,0.63384,5.4093e-05,0.005991162827586207,0.173205786
Alcohol drinks,GOMF_GROWTH_FACTOR_BINDING,GOMF_GROWTH_FACTOR_BINDING,3,3.4767,0.88004,5.4261e-05,0.005991162827586207,0.17374372200000002
Alcohol drinks,STEIN_ESR1_TARGETS,STEIN_ESR1_TARGETS,2,4.4777,1.142,6.0877e-05,0.006497605133333333,0.194928154
Alcohol drinks,GOBP_NUCLEAR_TRANSPORT,GOBP_NUCLEAR_TRANSPORT,4,3.2949,0.84298,6.3807e-05,0.006590645612903225,0.20431001399999998
Alcohol drinks,GOBP_INTRACELLULAR_ZINC_ION_...,GOBP_INTRACELLULAR_ZINC_ION_HOMEOSTASIS,2,3.4811,0.90452,8.0246e-05,0.006944532216216217,0.256947692
Alcohol drinks,GOBP_OLEFINIC_COMPOUND_METAB...,GOBP_OLEFINIC_COMPOUND_METABOLIC_PROCESS,3,2.8729,0.73996,7.0496e-05,0.006944532216216217,0.225728192
Alcohol drinks,GOBP_ZINC_ION_TRANSPORT,GOBP_ZINC_ION_TRANSPORT,2,3.4811,0.90452,8.0246e-05,0.006944532216216217,0.256947692
Alcohol drinks,GOMF_ZINC_ION_TRANSMEMBRANE_...,GOMF_ZINC_ION_TRANSMEMBRANE_TRANSPORTER_ACTIVITY,2,3.4811,0.90452,8.0246e-05,0.006944532216216217,0.256947692
Alcohol drinks,HSIAO_LIVER_SPECIFIC_GENES,HSIAO_LIVER_SPECIFIC_GENES,4,2.4811,0.64272,7.6741e-05,0.006944532216216217,0.245724682
Alcohol drinks,WP_ZINC_HOMEOSTASIS,WP_ZINC_HOMEOSTASIS,2,3.4811,0.90452,8.0246e-05,0.006944532216216217,0.256947692
Alcohol drinks,SPIRA_SMOKERS_LUNG_CANCER_UP,SPIRA_SMOKERS_LUNG_CANCER_UP,2,3.4225,0.90565,0.00010429,0.008787804736842106,0.33393658000000004
Alcohol drinks,TANG_SENESCENCE_TP53_TARGETS...,TANG_SENESCENCE_TP53_TARGETS_DN,3,2.7853,0.74165,0.00011383,0.009345734871794872,0.36448366
Alcohol drinks,HOSHIDA_LIVER_CANCER_SURVIVA...,HOSHIDA_LIVER_CANCER_SURVIVAL_DN,2,3.3927,0.90621,0.00011889,0.0095171445,0.38068578
Alcohol drinks,SU_LIVER,SU_LIVER,2,3.3635,0.90677,0.00013511,0.010551761463414635,0.43262222
Alcohol drinks,SABATES_COLORECTAL_ADENOMA_DN,SABATES_COLORECTAL_ADENOMA_DN,4,2.3767,0.64472,0.000147,0.011207,0.470694
Alcohol drinks,REACTOME_CONSTITUTIVE_SIGNAL...,REACTOME_CONSTITUTIVE_SIGNALING_BY_ABERRANT_PI3K_IN_CANCER,3,2.6918,0.7434,0.00018665,0.013281184444444446,0.5976533
Alcohol drinks,REACTOME_NEGATIVE_REGULATION...2,REACTOME_NEGATIVE_REGULATION_OF_THE_PI3K_AKT_NETWORK,3,2.6918,0.7434,0.00018665,0.013281184444444446,0.5976533
Alcohol drinks,REACTOME_PI3K_AKT_SIGNALING_...,REACTOME_PI3K_AKT_SIGNALING_IN_CANCER,3,2.6918,0.7434,0.00018665,0.013281184444444446,0.5976533
Alcohol drinks,GOBP_GLUCOSE_METABOLIC_PROCE...,GOBP_GLUCOSE_METABOLIC_PROCESS,2,3.2376,0.90909,0.00023132,0.014523267450980393,0.74068664
Alcohol drinks,GOBP_HORMONE_METABOLIC_PROCE...,GOBP_HORMONE_METABOLIC_PROCESS,4,2.5627,0.71617,0.00021768,0.014523267450980393,0.69701136
Alcohol drinks,GOBP_NEGATIVE_REGULATION_OF_...39,GOBP_NEGATIVE_REGULATION_OF_HEXOKINASE_ACTIVITY,2,3.2376,0.90909,0.00023132,0.014523267450980393,0.74068664
Alcohol drinks,GOBP_REGULATION_OF_GLUCOSE_M...,GOBP_REGULATION_OF_GLUCOSE_METABOLIC_PROCESS,2,3.2376,0.90909,0.00023132,0.014523267450980393,0.74068664
Alcohol drinks,GOBP_REGULATION_OF_HEXOKINAS...,GOBP_REGULATION_OF_HEXOKINASE_ACTIVITY,2,3.2376,0.90909,0.00023132,0.014523267450980393,0.74068664
Alcohol drinks,WP_NRF2_PATHWAY,WP_NRF2_PATHWAY,4,2.3173,0.64582,0.00021014,0.014523267450980393,0.67286828
Alcohol drinks,GOBP_LIPID_HOMEOSTASIS,GOBP_LIPID_HOMEOSTASIS,2,3.198,0.9098,0.00027277,0.016796337307692307,0.8734095399999999
Alcohol drinks,YAO_TEMPORAL_RESPONSE_TO_PRO...2,YAO_TEMPORAL_RESPONSE_TO_PROGESTERONE_CLUSTER_12,2,4.0252,1.1506,0.0002892,0.017472045283018867,0.9260183999999999
Alcohol drinks,WP_THYROID_HORMONES_PRODUCTI...,WP_THYROID_HORMONES_PRODUCTION_AND_PERIPHERAL_DOWNSTREAM_SIGNALING_EFFECTS,3,2.5982,0.74509,0.00030105,0.01785115,0.9639621
Alcohol drinks,GOBP_BICARBONATE_TRANSPORT,GOBP_BICARBONATE_TRANSPORT,2,3.9733,1.1515,0.00034208,0.018284469836065576,1.0
Alcohol drinks,GOBP_ONE_CARBON_COMPOUND_TRA...,GOBP_ONE_CARBON_COMPOUND_TRANSPORT,2,3.9733,1.1515,0.00034208,0.018284469836065576,1.0
Alcohol drinks,GOMF_BICARBONATE_TRANSMEMBRA...,GOMF_BICARBONATE_TRANSMEMBRANE_TRANSPORTER_ACTIVITY,2,3.9733,1.1515,0.00034208,0.018284469836065576,1.0
Alcohol drinks,GOMF_SOLUTE_BICARBONATE_SYMP...,GOMF_SOLUTE_BICARBONATE_SYMPORTER_ACTIVITY,2,3.9733,1.1515,0.00034208,0.018284469836065576,1.0
Alcohol drinks,MANNE_COVID19_ICU_VS_HEALTHY...2,MANNE_COVID19_ICU_VS_HEALTHY_DONOR_PLATELETS_UP,3,2.976,0.86027,0.0003318,0.018284469836065576,1.0
Alcohol drinks,REACTOME_BIOLOGICAL_OXIDATIO...,REACTOME_BIOLOGICAL_OXIDATIONS,5,2.2033,0.63949,0.00034833,0.018284469836065576,1.0
Alcohol drinks,REACTOME_PHASE_I_FUNCTIONALI...,REACTOME_PHASE_I_FUNCTIONALIZATION_OF_COMPOUNDS,5,2.2033,0.63949,0.00034833,0.018284469836065576,1.0
Alcohol drinks,MEBARKI_HCC_PROGENITOR_FZD8C...1,MEBARKI_HCC_PROGENITOR_FZD8CRD_DN,8,1.5857,0.46266,0.00037092,0.018852156190476192,1.0
Alcohol drinks,MOOTHA_GLYCOGEN_METABOLISM,MOOTHA_GLYCOGEN_METABOLISM,2,3.1254,0.91108,0.0003671,0.018852156190476192,1.0
Alcohol drinks,BOQUEST_STEM_CELL_UP,BOQUEST_STEM_CELL_UP,4,2.2058,0.6478,0.00040077,0.020051024062500002,1.0
Alcohol drinks,GOBP_NEGATIVE_REGULATION_OF_...9,GOBP_NEGATIVE_REGULATION_OF_CARBOHYDRATE_METABOLIC_PROCESS,3,2.8992,0.8616,0.00046022,0.02267114523076923,1.0
Alcohol drinks,GOMF_ENZYME_INHIBITOR_ACTIVI...,GOMF_ENZYME_INHIBITOR_ACTIVITY,4,2.1611,0.64856,0.0005146,0.024965896969696973,1.0
Alcohol drinks,SHEDDEN_LUNG_CANCER_GOOD_SUR...1,SHEDDEN_LUNG_CANCER_GOOD_SURVIVAL_A12,4,2.8101,0.85184,0.00057598,0.027526685970149258,1.0
Alcohol drinks,GOBP_NEGATIVE_REGULATION_OF_...28,GOBP_NEGATIVE_REGULATION_OF_DEFENSE_RESPONSE,2,3.7976,1.1545,0.0005946,0.02759288695652174,1.0
Alcohol drinks,GOBP_NEGATIVE_REGULATION_OF_...42,GOBP_NEGATIVE_REGULATION_OF_INFLAMMATORY_RESPONSE,2,3.7976,1.1545,0.0005946,0.02759288695652174,1.0
Alcohol drinks,CARRILLOREIXACH_HEPATOBLASTO...1,CARRILLOREIXACH_HEPATOBLASTOMA_VS_NORMAL_DN,11,1.3477,0.4128,0.00064602,0.02942367408450704,1.0
Alcohol drinks,MARTINEZ_RB1_AND_TP53_TARGET...2,MARTINEZ_RB1_AND_TP53_TARGETS_UP,6,2.0353,0.624,0.00065243,0.02942367408450704,1.0
Alcohol drinks,GOBP_SMALL_MOLECULE_METABOLI...,GOBP_SMALL_MOLECULE_METABOLIC_PROCESS,24,0.97811,0.30472,0.00077535,0.0344815375,1.0
Alcohol drinks,GOBP_HISTONE_H4_ACETYLATION,GOBP_HISTONE_H4_ACETYLATION,2,2.8847,0.9151,0.00093636,0.03569315142857143,1.0
Alcohol drinks,GOBP_HISTONE_H4_K16_ACETYLAT...,GOBP_HISTONE_H4_K16_ACETYLATION,2,2.8847,0.9151,0.00093636,0.03569315142857143,1.0
Alcohol drinks,GOBP_PEPTIDYL_LYSINE_ACETYLA...,GOBP_PEPTIDYL_LYSINE_ACETYLATION,2,2.8847,0.9151,0.00093636,0.03569315142857143,1.0
Alcohol drinks,GOBP_POSITIVE_REGULATION_OF_...56,GOBP_POSITIVE_REGULATION_OF_HISTONE_H3_K4_METHYLATION,2,2.8847,0.9151,0.00093636,0.03569315142857143,1.0
Alcohol drinks,GOBP_POSITIVE_REGULATION_OF_...57,GOBP_POSITIVE_REGULATION_OF_HISTONE_METHYLATION,2,2.8847,0.9151,0.00093636,0.03569315142857143,1.0
Alcohol drinks,GOBP_POSITIVE_REGULATION_OF_...58,GOBP_POSITIVE_REGULATION_OF_HISTONE_MODIFICATION,2,2.8847,0.9151,0.00093636,0.03569315142857143,1.0
Alcohol drinks,GOBP_PROTEIN_ACETYLATION,GOBP_PROTEIN_ACETYLATION,2,2.8847,0.9151,0.00093636,0.03569315142857143,1.0
Alcohol drinks,GOBP_PROTEIN_ACYLATION,GOBP_PROTEIN_ACYLATION,2,2.8847,0.9151,0.00093636,0.03569315142857143,1.0
Alcohol drinks,GOBP_REGULATION_OF_HISTONE_H...,GOBP_REGULATION_OF_HISTONE_H3_K4_METHYLATION,2,2.8847,0.9151,0.00093636,0.03569315142857143,1.0
Alcohol drinks,GOBP_REGULATION_OF_HISTONE_M...1,GOBP_REGULATION_OF_HISTONE_METHYLATION,2,2.8847,0.9151,0.00093636,0.03569315142857143,1.0
Alcohol drinks,GOBP_REGULATION_OF_HISTONE_M...2,GOBP_REGULATION_OF_HISTONE_MODIFICATION,2,2.8847,0.9151,0.00093636,0.03569315142857143,1.0
Alcohol drinks,SMID_BREAST_CANCER_LUMINAL_B...1,SMID_BREAST_CANCER_LUMINAL_B_DN,4,2.067,0.65012,0.00085683,0.03569315142857143,1.0
Alcohol drinks,GOCC_HISTONE_METHYLTRANSFERA...,GOCC_HISTONE_METHYLTRANSFERASE_COMPLEX,2,3.5803,1.158,0.0011388,0.042400437209302325,1.0
Alcohol drinks,GOCC_METHYLTRANSFERASE_COMPL...,GOCC_METHYLTRANSFERASE_COMPLEX,2,3.5803,1.158,0.0011388,0.042400437209302325,1.0
BMI,RODRIGUES_NTN1_TARGETS_UP,RODRIGUES_NTN1_TARGETS_UP,2,8.36,1.653,2.9639e-07,0.0018814837200000001,0.0018814837200000001
BMI,BLUM_RESPONSE_TO_SALIRASIB_DN,BLUM_RESPONSE_TO_SALIRASIB_DN,7,5.665,1.2094,1.8042e-06,0.005018094,0.0114530616
BMI,HOEBEKE_LYMPHOID_STEM_CELL_DN,HOEBEKE_LYMPHOID_STEM_CELL_DN,3,7.2422,1.5657,2.3715e-06,0.005018094,0.015054282
BMI,DELASERNA_MYOD_TARGETS_UP,DELASERNA_MYOD_TARGETS_UP,4,5.7182,1.3611,1.5658e-05,0.016566164,0.09939698400000001
BMI,KEGG_VIBRIO_CHOLERAE_INFECTI...,KEGG_VIBRIO_CHOLERAE_INFECTION,2,7.1154,1.6643,1.1392e-05,0.016566164,0.07231641600000001
BMI,REACTOME_ADENYLATE_CYCLASE_I...,REACTOME_ADENYLATE_CYCLASE_INHIBITORY_PATHWAY,4,5.5195,1.3085,1.456e-05,0.016566164,0.09242688
BMI,GOBP_REGULATION_OF_BMP_SIGNA...,GOBP_REGULATION_OF_BMP_SIGNALING_PATHWAY,3,6.3994,1.5729,2.7398e-05,0.02178951,0.173922504
BMI,PID_ENDOTHELIN_PATHWAY,PID_ENDOTHELIN_PATHWAY,5,5.1393,1.2633,2.746e-05,0.02178951,0.17431608
BMI,GOBP_REGULATION_OF_HETEROTYP...,GOBP_REGULATION_OF_HETEROTYPIC_CELL_CELL_ADHESION,3,6.299,1.5737,3.5955e-05,0.021951913,0.22824234
BMI,REACTOME_ADORA2B_MEDIATED_AN...,REACTOME_ADORA2B_MEDIATED_ANTI_INFLAMMATORY_CYTOKINES_PRODUCTION,6,4.4282,1.1161,4.1497e-05,0.021951913,0.263422956
BMI,REACTOME_ANTI_INFLAMMATORY_R...,REACTOME_ANTI_INFLAMMATORY_RESPONSE_FAVOURING_LEISHMANIA_PARASITE_INFECTION,6,4.4282,1.1161,4.1497e-05,0.021951913,0.263422956
BMI,REACTOME_GPER1_SIGNALING,REACTOME_GPER1_SIGNALING,6,4.4282,1.1161,4.1497e-05,0.021951913,0.263422956
BMI,GOBP_REGULATION_OF_DEFENSE_R...1,GOBP_REGULATION_OF_DEFENSE_RESPONSE,19,2.5313,0.64963,5.5295e-05,0.025072332857142856,0.35101266
BMI,WP_THYROID_STIMULATING_HORMO...,WP_THYROID_STIMULATING_HORMONE_TSH_SIGNALING_PATHWAY,4,6.9847,1.787,5.2687e-05,0.025072332857142856,0.334457076
BMI,ELVIDGE_HYPOXIA_DN,ELVIDGE_HYPOXIA_DN,3,6.9476,1.9329,0.00017828,0.029018498461538464,1.0
BMI,GOBP_CAMP_BIOSYNTHETIC_PROCE...,GOBP_CAMP_BIOSYNTHETIC_PROCESS,3,4.9143,1.3672,0.00017828,0.029018498461538464,1.0
BMI,GOBP_CELL_CELL_ADHESION_INVO...,GOBP_CELL_CELL_ADHESION_INVOLVED_IN_GASTRULATION,2,7.8092,2.1141,0.00012233,0.029018498461538464,0.77655084
BMI,GOBP_CYCLIC_NUCLEOTIDE_BIOSY...,GOBP_CYCLIC_NUCLEOTIDE_BIOSYNTHETIC_PROCESS,3,4.9143,1.3672,0.00017828,0.029018498461538464,1.0
BMI,GOBP_NEGATIVE_REGULATION_OF_...140,GOBP_NEGATIVE_REGULATION_OF_NEURON_APOPTOTIC_PROCESS,7,3.8974,1.0246,7.9836e-05,0.029018498461538464,0.506798928
BMI,GOBP_REGULATION_OF_PROTEIN_L...2,GOBP_REGULATION_OF_PROTEIN_LOCALIZATION_TO_CELL_SURFACE,3,5.9277,1.6286,0.00015036,0.029018498461538464,0.95448528
BMI,GOBP_RIBOSE_PHOSPHATE_BIOSYN...,GOBP_RIBOSE_PHOSPHATE_BIOSYNTHETIC_PROCESS,11,2.9792,0.81554,0.00014292,0.029018498461538464,0.90725616
BMI,GOBP_RNA_CATABOLIC_PROCESS,GOBP_RNA_CATABOLIC_PROCESS,11,3.2287,0.86067,9.7999e-05,0.029018498461538464,0.622097652
BMI,GOMF_ADENYLATE_CYCLASE_ACTIV...,GOMF_ADENYLATE_CYCLASE_ACTIVITY,3,4.9143,1.3672,0.00017828,0.029018498461538464,1.0
BMI,GOMF_CYCLASE_ACTIVITY,GOMF_CYCLASE_ACTIVITY,3,4.9143,1.3672,0.00017828,0.029018498461538464,1.0
BMI,GOMF_PHOSPHORUS_OXYGEN_LYASE...,GOMF_PHOSPHORUS_OXYGEN_LYASE_ACTIVITY,3,4.9143,1.3672,0.00017828,0.029018498461538464,1.0
BMI,HELLEBREKERS_SILENCED_DURING...,HELLEBREKERS_SILENCED_DURING_TUMOR_ANGIOGENESIS,3,5.9309,1.6286,0.0001492,0.029018498461538464,0.9471216
BMI,KEGG_MELANOGENESIS,KEGG_MELANOGENESIS,8,3.5972,0.99155,0.00015722,0.029018498461538464,0.99803256
BMI,KEGG_PROGESTERONE_MEDIATED_O...,KEGG_PROGESTERONE_MEDIATED_OOCYTE_MATURATION,7,3.8273,1.0119,8.6893e-05,0.029018498461538464,0.551596764
BMI,LOPES_METHYLATED_IN_COLON_CA...1,LOPES_METHYLATED_IN_COLON_CANCER_DN,2,6.1708,1.6717,0.00012351,0.029018498461538464,0.78404148
BMI,MARTORIATI_MDM4_TARGETS_FETA...1,MARTORIATI_MDM4_TARGETS_FETAL_LIVER_DN,25,2.0562,0.54776,9.7051e-05,0.029018498461538464,0.616079748
BMI,REACTOME_ADENYLATE_CYCLASE_A...,REACTOME_ADENYLATE_CYCLASE_ACTIVATING_PATHWAY,3,4.9143,1.3672,0.00017828,0.029018498461538464,1.0
BMI,REACTOME_FCGR3A_MEDIATED_IL1...,REACTOME_FCGR3A_MEDIATED_IL10_SYNTHESIS,3,4.9143,1.3672,0.00017828,0.029018498461538464,1.0
BMI,REACTOME_GLUCAGON_SIGNALING_...,REACTOME_GLUCAGON_SIGNALING_IN_METABOLIC_REGULATION,4,4.8203,1.3139,0.00013464,0.029018498461538464,0.85469472
BMI,REACTOME_G_ALPHA_S_SIGNALLIN...,REACTOME_G_ALPHA_S_SIGNALLING_EVENTS,9,3.1348,0.86934,0.00017079,0.029018498461538464,1.0
BMI,REACTOME_G_PROTEIN_MEDIATED_...,REACTOME_G_PROTEIN_MEDIATED_EVENTS,5,4.236,1.1499,0.00012722,0.029018498461538464,0.8075925599999999
BMI,REACTOME_PKA_ACTIVATION_IN_G...,REACTOME_PKA_ACTIVATION_IN_GLUCAGON_SIGNALLING,3,4.9143,1.3672,0.00017828,0.029018498461538464,1.0
BMI,REACTOME_PKA_MEDIATED_PHOSPH...,REACTOME_PKA_MEDIATED_PHOSPHORYLATION_OF_CREB,3,4.9143,1.3672,0.00017828,0.029018498461538464,1.0
BMI,VANDESLUIS_COMMD1_TARGETS_GR...,VANDESLUIS_COMMD1_TARGETS_GROUP_3_UP,2,14.878,3.9312,8.6144e-05,0.029018498461538464,0.546842112
BMI,WP_MAJOR_RECEPTORS_TARGETED_...,WP_MAJOR_RECEPTORS_TARGETED_BY_EPINEPHRINE_AND_NOREPINEPHRINE,3,4.9143,1.3672,0.00017828,0.029018498461538464,1.0
BMI,GOBP_VESICLE_BUDDING_FROM_ME...,GOBP_VESICLE_BUDDING_FROM_MEMBRANE,2,5.9576,1.6732,0.00020227,0.032100249000000004,1.0
BMI,GOCC_COPII_COATED_ER_TO_GOLG...,GOCC_COPII_COATED_ER_TO_GOLGI_TRANSPORT_VESICLE,2,7.4874,2.1164,0.00022008,0.03326352,1.0
BMI,REACTOME_COPII_MEDIATED_VESI...,REACTOME_COPII_MEDIATED_VESICLE_TRANSPORT,2,7.4874,2.1164,0.00022008,0.03326352,1.0
BMI,GOBP_IRON_ION_TRANSPORT,GOBP_IRON_ION_TRANSPORT,2,7.8845,2.2447,0.0002416,0.0333408,1.0
BMI,GOBP_POSITIVE_REGULATION_OF_...177,GOBP_POSITIVE_REGULATION_OF_NEURON_APOPTOTIC_PROCESS,2,5.8856,1.6737,0.00023809,0.0333408,1.0
BMI,GOBP_REGULATION_OF_NEURON_AP...,GOBP_REGULATION_OF_NEURON_APOPTOTIC_PROCESS,9,3.094,0.87782,0.00023106,0.0333408,1.0
BMI,GOBP_TRANSITION_METAL_ION_TR...,GOBP_TRANSITION_METAL_ION_TRANSPORT,2,7.8845,2.2447,0.0002416,0.0333408,1.0
BMI,GOBP_NEGATIVE_REGULATION_OF_...10,GOBP_NEGATIVE_REGULATION_OF_APOPTOTIC_SIGNALING_PATHWAY,8,3.4789,0.99237,0.00024778,0.03346611574468085,1.0
BMI,GOBP_AUTONOMIC_NERVOUS_SYSTE...,GOBP_AUTONOMIC_NERVOUS_SYSTEM_DEVELOPMENT,2,5.8401,1.674,0.00026364,0.03436988571428571,1.0
BMI,SMID_BREAST_CANCER_RELAPSE_I...5,SMID_BREAST_CANCER_RELAPSE_IN_LUNG_DN,2,7.8285,2.2451,0.0002653,0.03436988571428571,1.0
BMI,GOBP_RESPONSE_TO_FATTY_ACID,GOBP_RESPONSE_TO_FATTY_ACID,3,4.7409,1.3684,0.0002878,0.035822635294117645,1.0
BMI,LEE_AGING_CEREBELLUM_UP,LEE_AGING_CEREBELLUM_UP,3,7.035,2.0305,0.00028771,0.035822635294117645,1.0
BMI,GOBP_REGULATION_OF_DEFENSE_R...3,GOBP_REGULATION_OF_DEFENSE_RESPONSE_TO_VIRUS,4,5.1789,1.5,0.00030057,0.03669266076923077,1.0
BMI,GOBP_NEURON_APOPTOTIC_PROCESS,GOBP_NEURON_APOPTOTIC_PROCESS,12,2.6477,0.77081,0.00032044,0.037869220714285716,1.0
BMI,REACTOME_GABA_B_RECEPTOR_ACT...,REACTOME_GABA_B_RECEPTOR_ACTIVATION,7,3.4747,1.0144,0.00033172,0.037869220714285716,1.0
BMI,REACTOME_NPAS4_REGULATES_EXP...,REACTOME_NPAS4_REGULATES_EXPRESSION_OF_TARGET_GENES,2,5.7332,1.6747,0.00033407,0.037869220714285716,1.0
BMI,WP_MRNA_PROCESSING,WP_MRNA_PROCESSING,4,6.8711,2.0027,0.00032502,0.037869220714285716,1.0
BMI,GOBP_REGULATION_OF_INSULIN_S...1,GOBP_REGULATION_OF_INSULIN_SECRETION,10,2.6797,0.78475,0.00034461,0.038378671578947365,1.0
BMI,REACTOME_G_ALPHA_Z_SIGNALLIN...,REACTOME_G_ALPHA_Z_SIGNALLING_EVENTS,7,3.4537,1.0145,0.00035789,0.03917044344827586,1.0
BMI,STEIN_ESR1_TARGETS,STEIN_ESR1_TARGETS,3,4.6482,1.369,0.00036944,0.0397492393220339,1.0
BMI,GOBP_NEGATIVE_REGULATION_OF_...61,GOBP_NEGATIVE_REGULATION_OF_DEFENSE_RESPONSE_TO_VIRUS,2,7.1591,2.1186,0.00039122,0.041391076,1.0
BMI,CHUANG_OXIDATIVE_STRESS_RESP...,CHUANG_OXIDATIVE_STRESS_RESPONSE_DN,2,7.5471,2.2469,0.00042058,0.04237844190476191,1.0
BMI,SEIDEN_ONCOGENESIS_BY_MET,SEIDEN_ONCOGENESIS_BY_MET,3,9.2031,2.7386,0.00041814,0.04237844190476191,1.0
BMI,WHITEFORD_PEDIATRIC_CANCER_M...,WHITEFORD_PEDIATRIC_CANCER_MARKERS,2,7.5471,2.2469,0.00042058,0.04237844190476191,1.0
BMI,BOSCO_INTERFERON_INDUCED_ANT...,BOSCO_INTERFERON_INDUCED_ANTIVIRAL_MODULE,2,7.0658,2.1192,0.00045881,0.045508216875,1.0
BMI,REACTOME_TRANSCRIPTIONAL_REG...2,REACTOME_TRANSCRIPTIONAL_REGULATION_BY_NPAS4,3,4.5419,1.3697,0.00048904,0.04776039876923078,1.0
BMI,GOMF_TRANSLATION_REGULATOR_A...1,GOMF_TRANSLATION_REGULATOR_ACTIVITY,3,6.4042,1.9365,0.00050455,0.04780422985074627,1.0
BMI,GOMF_TRANSLATION_REGULATOR_A...2,GOMF_TRANSLATION_REGULATOR_ACTIVITY_NUCLEIC_ACID_BINDING,3,6.4042,1.9365,0.00050455,0.04780422985074627,1.0
BMI,GOBP_NEGATIVE_REGULATION_OF_...60,GOBP_NEGATIVE_REGULATION_OF_DEFENSE_RESPONSE,10,3.1805,0.96531,0.00052658,0.04915779176470588,1.0
BMI,PID_LPA4_PATHWAY,PID_LPA4_PATHWAY,4,3.906,1.1876,0.00053716,0.04941872,1.0
C-reactive protein level,GOBP_GLUCOSE_METABOLIC_PROCE...,GOBP_GLUCOSE_METABOLIC_PROCESS,5,7.6474,1.0298,3.1815e-13,6.9049155e-10,2.07147465e-09
C-reactive protein level,GOBP_MONOSACCHARIDE_METABOLI...,GOBP_MONOSACCHARIDE_METABOLIC_PROCESS,5,7.6474,1.0298,3.1815e-13,6.9049155e-10,2.07147465e-09
C-reactive protein level,GOBP_REGULATION_OF_GLUCOSE_M...,GOBP_REGULATION_OF_GLUCOSE_METABOLIC_PROCESS,5,7.6474,1.0298,3.1815e-13,6.9049155e-10,2.07147465e-09
C-reactive protein level,GOBP_ACYLGLYCEROL_HOMEOSTASIS,GOBP_ACYLGLYCEROL_HOMEOSTASIS,7,6.6825,0.95713,5.7779e-12,9.404976725e-09,3.76199069e-08
C-reactive protein level,GOBP_REGULATION_OF_CARBOHYDR...3,GOBP_REGULATION_OF_CARBOHYDRATE_METABOLIC_PROCESS,7,5.8839,0.85875,1.3158e-11,1.4278623e-08,8.5671738e-08
C-reactive protein level,GOBP_REGULATION_OF_CELLULAR_...1,GOBP_REGULATION_OF_CELLULAR_CARBOHYDRATE_METABOLIC_PROCESS,7,5.8839,0.85875,1.3158e-11,1.4278623e-08,8.5671738e-08
C-reactive protein level,GOBP_REGULATION_OF_CIRCADIAN...,GOBP_REGULATION_OF_CIRCADIAN_RHYTHM,5,6.5622,1.0733,1.1171e-09,1.0390625857142858e-06,7.2734381e-06
C-reactive protein level,MUELLER_COMMON_TARGETS_OF_AM...,MUELLER_COMMON_TARGETS_OF_AML_FUSIONS_DN,2,11.12,1.9383,9.2789e-09,7.551864737499999e-06,6.0414917899999994e-05
C-reactive protein level,GOBP_POSITIVE_REGULATION_OF_...68,GOBP_POSITIVE_REGULATION_OF_CIRCADIAN_RHYTHM,2,8.6013,1.5353,1.9237e-08,1.3916900777777777e-05,0.000125252107
C-reactive protein level,GOBP_LIPID_HOMEOSTASIS,GOBP_LIPID_HOMEOSTASIS,14,4.0924,0.73805,2.6161e-08,1.7033427099999997e-05,0.000170334271
C-reactive protein level,SATO_SILENCED_BY_METHYLATION...1,SATO_SILENCED_BY_METHYLATION_IN_PANCREATIC_CANCER_1,11,3.7899,0.71351,8.8575e-08,5.242834772727273e-05,0.000576711825
C-reactive protein level,GOBP_CELLULAR_CARBOHYDRATE_M...,GOBP_CELLULAR_CARBOHYDRATE_METABOLIC_PROCESS,15,3.361,0.64257,1.3405e-07,6.66772907142857e-05,0.00087279955
C-reactive protein level,KANG_IMMORTALIZED_BY_TERT_UP,KANG_IMMORTALIZED_BY_TERT_UP,6,6.1299,1.1749,1.4337e-07,6.66772907142857e-05,0.00093348207
C-reactive protein level,WP_AMPACTIVATED_PROTEIN_KINA...,WP_AMPACTIVATED_PROTEIN_KINASE_SIGNALING,5,6.4734,1.2337,1.2309e-07,6.66772907142857e-05,0.00080143899
C-reactive protein level,GAZDA_DIAMOND_BLACKFAN_ANEMI...2,GAZDA_DIAMOND_BLACKFAN_ANEMIA_ERYTHROID_UP,2,7.7768,1.5458,3.6352e-07,0.000122139849,0.00236687872
C-reactive protein level,GOBP_CELLULAR_RESPONSE_TO_IN...4,GOBP_CELLULAR_RESPONSE_TO_INTERLEUKIN_1,4,6.2881,1.2515,3.7518e-07,0.000122139849,0.00244279698
C-reactive protein level,GOBP_POSITIVE_REGULATION_OF_...324,GOBP_POSITIVE_REGULATION_OF_VASCULAR_ENDOTHELIAL_GROWTH_FACTOR_PRODUCTION,2,7.7997,1.5455,3.3652e-07,0.000122139849,0.00219108172
C-reactive protein level,GOBP_RESPONSE_TO_INTERLEUKIN...1,GOBP_RESPONSE_TO_INTERLEUKIN_1,4,6.2881,1.2515,3.7518e-07,0.000122139849,0.00244279698
C-reactive protein level,GOBP_VASCULAR_ENDOTHELIAL_GR...,GOBP_VASCULAR_ENDOTHELIAL_GROWTH_FACTOR_PRODUCTION,2,7.7997,1.5455,3.3652e-07,0.000122139849,0.00219108172
C-reactive protein level,WP_DEVELOPMENT_AND_HETEROGEN...,WP_DEVELOPMENT_AND_HETEROGENEITY_OF_THE_ILC_FAMILY,2,7.7997,1.5455,3.3652e-07,0.000122139849,0.00219108172
C-reactive protein level,GOBP_CARBOHYDRATE_METABOLIC_...,GOBP_CARBOHYDRATE_METABOLIC_PROCESS,17,3.0413,0.61451,5.4201e-07,0.00016009133565217392,0.00352902711
C-reactive protein level,GOBP_REGULATION_OF_SMALL_MOL...,GOBP_REGULATION_OF_SMALL_MOLECULE_METABOLIC_PROCESS,16,2.9452,0.59427,5.2422e-07,0.00016009133565217392,0.00341319642
C-reactive protein level,WP_TH17_CELL_DIFFERENTIATION...,WP_TH17_CELL_DIFFERENTIATION_PATHWAY,8,4.1111,0.83215,5.6552e-07,0.00016009133565217392,0.0036821007200000004
C-reactive protein level,WP_CIRCADIAN_RHYTHM_GENES,WP_CIRCADIAN_RHYTHM_GENES,7,4.6425,0.95515,8.3047e-07,0.0002252995904166667,0.00540719017
C-reactive protein level,GOBP_NEGATIVE_REGULATION_OF_...17,GOBP_NEGATIVE_REGULATION_OF_CARBOHYDRATE_METABOLIC_PROCESS,5,5.085,1.0671,1.3052e-06,0.00033992628800000004,0.0084981572
C-reactive protein level,GOBP_T_HELPER_17_CELL_DIFFER...,GOBP_T_HELPER_17_CELL_DIFFERENTIATION,3,5.9656,1.2683,1.7394e-06,0.0004355859,0.0113252334
C-reactive protein level,GOBP_ENDOCRINE_PANCREAS_DEVE...,GOBP_ENDOCRINE_PANCREAS_DEVELOPMENT,2,7.2602,1.5518,1.9558e-06,0.00045479335,0.0127342138
C-reactive protein level,GOBP_PANCREAS_DEVELOPMENT,GOBP_PANCREAS_DEVELOPMENT,2,7.2602,1.5518,1.9558e-06,0.00045479335,0.0127342138
C-reactive protein level,GOBP_TEMPERATURE_HOMEOSTASIS,GOBP_TEMPERATURE_HOMEOSTASIS,7,3.8691,0.83493,2.4002e-06,0.0005388862827586206,0.0156277022
C-reactive protein level,PID_HIF1_TFPATHWAY,PID_HIF1_TFPATHWAY,4,5.569,1.2215,3.3795e-06,0.00073346415,0.0220039245
C-reactive protein level,GOBP_STEROL_HOMEOSTASIS,GOBP_STEROL_HOMEOSTASIS,8,4.0895,0.90453,4.0141e-06,0.0008430904870967743,0.026135805100000003
C-reactive protein level,REACTOME_INTERLEUKIN_4_AND_I...,REACTOME_INTERLEUKIN_4_AND_INTERLEUKIN_13_SIGNALING,5,4.4191,0.98711,4.8968e-06,0.000996345775,0.0318830648
C-reactive protein level,CLASPER_LYMPHATIC_VESSELS_DU...,CLASPER_LYMPHATIC_VESSELS_DURING_METASTASIS_UP,2,7.6799,1.7227,5.3211e-06,0.0010498691545454545,0.0346456821
C-reactive protein level,KEGG_CYTOKINE_CYTOKINE_RECEP...,KEGG_CYTOKINE_CYTOKINE_RECEPTOR_INTERACTION,7,3.9209,0.88522,6.046e-06,0.001157809,0.039365506
C-reactive protein level,GOBP_CIRCADIAN_RHYTHM,GOBP_CIRCADIAN_RHYTHM,9,3.5763,0.82041,8.2335e-06,0.001512324438888889,0.0536083185
C-reactive protein level,GOBP_REGULATION_OF_LIPID_STO...,GOBP_REGULATION_OF_LIPID_STORAGE,5,4.7556,1.0918,8.3618e-06,0.001512324438888889,0.0544436798
C-reactive protein level,GOBP_PHOSPHOLIPID_HOMEOSTASIS,GOBP_PHOSPHOLIPID_HOMEOSTASIS,3,6.3734,1.4696,9.0763e-06,0.0015971834945945945,0.0590957893
C-reactive protein level,GOBP_CARBOHYDRATE_HOMEOSTASIS,GOBP_CARBOHYDRATE_HOMEOSTASIS,18,2.594,0.59981,9.5634e-06,0.0016386130894736842,0.062267297400000005
C-reactive protein level,GOMF_CYTOKINE_RECEPTOR_ACTIV...,GOMF_CYTOKINE_RECEPTOR_ACTIVITY,3,5.488,1.2734,1.0209e-05,0.001661769975,0.066470799
C-reactive protein level,GOMF_IMMUNE_RECEPTOR_ACTIVITY,GOMF_IMMUNE_RECEPTOR_ACTIVITY,3,5.488,1.2734,1.0209e-05,0.001661769975,0.066470799
C-reactive protein level,GOBP_MONOSACCHARIDE_BIOSYNTH...,GOBP_MONOSACCHARIDE_BIOSYNTHETIC_PROCESS,3,6.2424,1.471,1.3556e-05,0.0020526306046511626,0.088263116
C-reactive protein level,GOBP_REGULATION_OF_CARBOHYDR...1,GOBP_REGULATION_OF_CARBOHYDRATE_BIOSYNTHETIC_PROCESS,3,6.2424,1.471,1.3556e-05,0.0020526306046511626,0.088263116
C-reactive protein level,GOBP_REGULATION_OF_GLUCONEOG...,GOBP_REGULATION_OF_GLUCONEOGENESIS,3,6.2424,1.471,1.3556e-05,0.0020526306046511626,0.088263116
C-reactive protein level,GOBP_LIPID_STORAGE,GOBP_LIPID_STORAGE,6,4.3149,1.0181,1.3876e-05,0.0020533326363636364,0.09034663600000001
C-reactive protein level,WP_INFLAMMATORY_BOWEL_DISEAS...,WP_INFLAMMATORY_BOWEL_DISEASE_SIGNALING,5,4.165,0.98976,1.5781e-05,0.0022833353555555555,0.102750091
C-reactive protein level,GOBP_T_CELL_ACTIVATION_INVOL...,GOBP_T_CELL_ACTIVATION_INVOLVED_IN_IMMUNE_RESPONSE,8,3.4264,0.82515,1.9954e-05,0.002764265829787234,0.129920494
C-reactive protein level,GOBP_T_CELL_DIFFERENTIATION_...1,GOBP_T_CELL_DIFFERENTIATION_INVOLVED_IN_IMMUNE_RESPONSE,8,3.4264,0.82515,1.9954e-05,0.002764265829787234,0.129920494
C-reactive protein level,GOBP_GLIAL_CELL_PROLIFERATION,GOBP_GLIAL_CELL_PROLIFERATION,3,5.2711,1.2756,2.1718e-05,0.0029459562083333337,0.141405898
C-reactive protein level,WP_FAMILIAL_HYPERLIPIDEMIA_T...,WP_FAMILIAL_HYPERLIPIDEMIA_TYPE_4,3,7.8377,1.9074,2.3922e-05,0.0031786967755102037,0.155756142
C-reactive protein level,GOBP_NEGATIVE_REGULATION_OF_...67,GOBP_NEGATIVE_REGULATION_OF_FAT_CELL_DIFFERENTIATION,7,3.5818,0.88866,3.3071e-05,0.004222064333333334,0.215325281
C-reactive protein level,UEDA_CENTRAL_CLOCK,UEDA_CENTRAL_CLOCK,4,4.4654,1.1071,3.2679e-05,0.004222064333333334,0.21277296899999998
C-reactive protein level,GOBP_INTRINSIC_APOPTOTIC_SIG...3,GOBP_INTRINSIC_APOPTOTIC_SIGNALING_PATHWAY_IN_RESPONSE_TO_DNA_DAMAGE,3,11.852,2.9482,3.4542e-05,0.0042434521132075475,0.224902962
C-reactive protein level,GOBP_REGULATION_OF_FAT_CELL_...,GOBP_REGULATION_OF_FAT_CELL_DIFFERENTIATION,11,2.8065,0.69737,3.3912e-05,0.0042434521132075475,0.220801032
C-reactive protein level,GOBP_T_HELPER_17_TYPE_IMMUNE...,GOBP_T_HELPER_17_TYPE_IMMUNE_RESPONSE,4,4.4121,1.1076,4.0059e-05,0.004830076833333334,0.260824149
C-reactive protein level,GOBP_HOMEOSTATIC_PROCESS,GOBP_HOMEOSTATIC_PROCESS,69,1.3322,0.33486,4.0879e-05,0.004839330345454545,0.266163169
C-reactive protein level,AMUNDSON_RESPONSE_TO_ARSENITE,AMUNDSON_RESPONSE_TO_ARSENITE,7,4.0277,1.0196,4.5828e-05,0.005328323357142857,0.29838610800000004
C-reactive protein level,GRAHAM_NORMAL_QUIESCENT_VS_N...,GRAHAM_NORMAL_QUIESCENT_VS_NORMAL_DIVIDING_DN,2,8.2599,2.0962,4.769e-05,0.005447536666666667,0.31050959
C-reactive protein level,GOBP_XENOBIOTIC_METABOLIC_PR...,GOBP_XENOBIOTIC_METABOLIC_PROCESS,7,3.4976,0.88946,4.9266e-05,0.005530533206896551,0.320770926
C-reactive protein level,DELYS_THYROID_CANCER_UP,DELYS_THYROID_CANCER_UP,16,2.5707,0.66296,6.126e-05,0.006760404406779661,0.39886386
C-reactive protein level,SAGIV_CD24_TARGETS_DN,SAGIV_CD24_TARGETS_DN,2,7.6266,1.9783,6.6982e-05,0.007268663366666667,0.436119802
C-reactive protein level,BILD_MYC_ONCOGENIC_SIGNATURE,BILD_MYC_ONCOGENIC_SIGNATURE,6,4.3942,1.1553,8.203e-05,0.00875569393442623,0.53409733
C-reactive protein level,WEST_ADRENOCORTICAL_TUMOR_DN,WEST_ADRENOCORTICAL_TUMOR_DN,17,2.3746,0.6271,8.7537e-05,0.009192796887096774,0.569953407
C-reactive protein level,GOBP_INTERLEUKIN_4_MEDIATED_...,GOBP_INTERLEUKIN_4_MEDIATED_SIGNALING_PATHWAY,3,5.5441,1.4777,0.00010017,0.01035249,0.65220687
C-reactive protein level,GOBP_ADAPTIVE_IMMUNE_RESPONS...,GOBP_ADAPTIVE_IMMUNE_RESPONSE_BASED_ON_SOMATIC_RECOMBINATION_OF_IMMUNE_RECEPTORS_BUILT_FROM_IMMUNOGLOBULIN_SUPERFAMILY_DOMAINS,12,2.5301,0.67896,0.0001105,0.0110687,0.7194655
C-reactive protein level,REACTOME_INTERLEUKIN_10_SIGN...,REACTOME_INTERLEUKIN_10_SIGNALING,4,4.5902,1.2312,0.00010976,0.0110687,0.7146473600000001
C-reactive protein level,WP_NUCLEAR_RECEPTORS,WP_NUCLEAR_RECEPTORS,6,3.3507,0.90897,0.00012882,0.012708288181818182,0.83874702
C-reactive protein level,GOBP_FAT_CELL_DIFFERENTIATION,GOBP_FAT_CELL_DIFFERENTIATION,14,2.4016,0.65549,0.00014023,0.013627425820895522,0.91303753
C-reactive protein level,GOBP_ADAPTIVE_IMMUNE_RESPONSE,GOBP_ADAPTIVE_IMMUNE_RESPONSE,16,2.2707,0.62564,0.00015966,0.015287445,1.0
C-reactive protein level,GOBP_LEPTIN_MEDIATED_SIGNALI...,GOBP_LEPTIN_MEDIATED_SIGNALING_PATHWAY,2,5.6715,1.5676,0.00016672,0.015288928450704226,1.0
C-reactive protein level,MATZUK_CENTRAL_FOR_FEMALE_FE...,MATZUK_CENTRAL_FOR_FEMALE_FERTILITY,2,5.6715,1.5676,0.00016672,0.015288928450704226,1.0
C-reactive protein level,VARELA_ZMPSTE24_TARGETS_UP,VARELA_ZMPSTE24_TARGETS_UP,2,7.1756,1.9824,0.00016564,0.015288928450704226,1.0
C-reactive protein level,GOCC_PML_BODY,GOCC_PML_BODY,3,5.3211,1.4796,0.00018078,0.016348035833333333,1.0
C-reactive protein level,GOBP_ALPHA_BETA_T_CELL_DIFFE...,GOBP_ALPHA_BETA_T_CELL_DIFFERENTIATION,9,2.7811,0.7785,0.00019749,0.017144765200000002,1.0
C-reactive protein level,GOBP_CD4_POSITIVE_ALPHA_BETA...1,GOBP_CD4_POSITIVE_ALPHA_BETA_T_CELL_ACTIVATION,9,2.7811,0.7785,0.00019749,0.017144765200000002,1.0
C-reactive protein level,GOBP_CD4_POSITIVE_ALPHA_BETA...3,GOBP_CD4_POSITIVE_ALPHA_BETA_T_CELL_DIFFERENTIATION,9,2.7811,0.7785,0.00019749,0.017144765200000002,1.0
C-reactive protein level,RASHI_RESPONSE_TO_IONIZING_R...4,RASHI_RESPONSE_TO_IONIZING_RADIATION_6,3,5.2449,1.4803,0.00022,0.018602857142857143,1.0
C-reactive protein level,REACTOME_NPAS4_REGULATES_EXP...,REACTOME_NPAS4_REGULATES_EXPRESSION_OF_TARGET_GENES,2,5.5615,1.5686,0.00021809,0.018602857142857143,1.0
C-reactive protein level,GOBP_INTRACELLULAR_RECEPTOR_...,GOBP_INTRACELLULAR_RECEPTOR_SIGNALING_PATHWAY,16,1.9848,0.56431,0.00024195,0.019448598148148147,1.0
C-reactive protein level,GOBP_NEGATIVE_REGULATION_OF_...103,GOBP_NEGATIVE_REGULATION_OF_LIPID_LOCALIZATION,4,4.449,1.2642,0.00024033,0.019448598148148147,1.0
C-reactive protein level,GRAHAM_CML_QUIESCENT_VS_NORM...2,GRAHAM_CML_QUIESCENT_VS_NORMAL_QUIESCENT_UP,2,6.1198,1.7376,0.0002378,0.019448598148148147,1.0
C-reactive protein level,YAO_HOXA10_TARGETS_VIA_PROGE...2,YAO_HOXA10_TARGETS_VIA_PROGESTERONE_UP,2,6.1198,1.7376,0.0002378,0.019448598148148147,1.0
C-reactive protein level,CHANGOLKAR_H2AFY_TARGETS_UP,CHANGOLKAR_H2AFY_TARGETS_UP,2,6.9134,1.9846,0.0002737,0.021215008333333334,1.0
C-reactive protein level,GOBP_LIPID_LOCALIZATION,GOBP_LIPID_LOCALIZATION,21,1.9725,0.56582,0.00027104,0.021215008333333334,1.0
C-reactive protein level,GOBP_MULTICELLULAR_ORGANISMA...1,GOBP_MULTICELLULAR_ORGANISMAL_LEVEL_HOMEOSTASIS,31,1.6178,0.46386,0.00026947,0.021215008333333334,1.0
C-reactive protein level,CHEN_ETV5_TARGETS_SERTOLI,CHEN_ETV5_TARGETS_SERTOLI,2,5.4424,1.5696,0.00029007,0.021901101910112356,1.0
C-reactive protein level,GOBP_POSITIVE_REGULATION_OF_...240,GOBP_POSITIVE_REGULATION_OF_PROTEIN_ACETYLATION,3,4.4381,1.2832,0.00029937,0.021901101910112356,1.0
C-reactive protein level,GOBP_REGULATION_OF_PROTEIN_A...,GOBP_REGULATION_OF_PROTEIN_ACETYLATION,3,4.4381,1.2832,0.00029937,0.021901101910112356,1.0
C-reactive protein level,LUCAS_HNF4A_TARGETS_UP,LUCAS_HNF4A_TARGETS_UP,2,6.8684,1.985,0.00029779,0.021901101910112356,1.0
C-reactive protein level,MEBARKI_HCC_PROGENITOR_FZD8C...1,MEBARKI_HCC_PROGENITOR_FZD8CRD_DN,13,2.4141,0.69711,0.00029472,0.021901101910112356,1.0
C-reactive protein level,GOBP_CYTOKINE_MEDIATED_SIGNA...,GOBP_CYTOKINE_MEDIATED_SIGNALING_PATHWAY,22,1.8822,0.54561,0.00030915,0.022365285000000002,1.0
C-reactive protein level,SPIELMAN_LYMPHOBLAST_EUROPEA...2,SPIELMAN_LYMPHOBLAST_EUROPEAN_VS_ASIAN_UP,15,2.3099,0.67585,0.00034667,0.024804048021978022,1.0
C-reactive protein level,GOBP_NEGATIVE_REGULATION_OF_...47,GOBP_NEGATIVE_REGULATION_OF_DEFENSE_RESPONSE,12,2.4983,0.73275,0.00035712,0.025274003478260868,1.0
C-reactive protein level,ONDER_CDH1_TARGETS_3_UP,ONDER_CDH1_TARGETS_3_UP,2,5.3401,1.5704,0.00036884,0.025822766021505378,1.0
C-reactive protein level,WP_PHOTODYNAMIC_THERAPYINDUC...3,WP_PHOTODYNAMIC_THERAPYINDUCED_NFKB_SURVIVAL_SIGNALING,3,6.1513,1.815,0.0003838,0.026584274468085107,1.0
C-reactive protein level,BOHN_PRIMARY_IMMUNODEFICIENC...2,BOHN_PRIMARY_IMMUNODEFICIENCY_SYNDROM_UP,2,6.6722,1.9866,0.00042774,0.027585342336448597,1.0
C-reactive protein level,GOBP_POSITIVE_REGULATION_OF_...2,GOBP_POSITIVE_REGULATION_OF_ADAPTIVE_IMMUNE_RESPONSE,4,3.9047,1.1684,0.00045333,0.027585342336448597,1.0
C-reactive protein level,GOBP_POSITIVE_REGULATION_OF_...172,GOBP_POSITIVE_REGULATION_OF_LYMPHOCYTE_MEDIATED_IMMUNITY,4,3.9047,1.1684,0.00045333,0.027585342336448597,1.0
C-reactive protein level,GOBP_POSITIVE_REGULATION_OF_...317,GOBP_POSITIVE_REGULATION_OF_T_CELL_MEDIATED_IMMUNITY,4,3.9047,1.1684,0.00045333,0.027585342336448597,1.0
C-reactive protein level,GOBP_REGULATION_OF_T_CELL_ME...,GOBP_REGULATION_OF_T_CELL_MEDIATED_IMMUNITY,4,3.9047,1.1684,0.00045333,0.027585342336448597,1.0
C-reactive protein level,GOBP_T_CELL_MEDIATED_IMMUNITY,GOBP_T_CELL_MEDIATED_IMMUNITY,4,3.9047,1.1684,0.00045333,0.027585342336448597,1.0
C-reactive protein level,GOMF_GROWTH_FACTOR_RECEPTOR_...,GOMF_GROWTH_FACTOR_RECEPTOR_BINDING,7,3.8421,1.1445,0.00042995,0.027585342336448597,1.0
C-reactive protein level,HALMOS_CEBPA_TARGETS_UP,HALMOS_CEBPA_TARGETS_UP,4,4.8855,1.4543,0.00042668,0.027585342336448597,1.0
C-reactive protein level,MAHAJAN_RESPONSE_TO_IL1A_UP,MAHAJAN_RESPONSE_TO_IL1A_UP,2,6.6679,1.9867,0.00043113,0.027585342336448597,1.0
C-reactive protein level,REACTOME_GLUCOSE_METABOLISM,REACTOME_GLUCOSE_METABOLISM,2,6.6453,1.9868,0.00044914,0.027585342336448597,1.0
C-reactive protein level,REACTOME_GLYCOLYSIS,REACTOME_GLYCOLYSIS,2,6.6453,1.9868,0.00044914,0.027585342336448597,1.0
C-reactive protein level,REACTOME_REGULATION_OF_GLUCO...,REACTOME_REGULATION_OF_GLUCOKINASE_BY_GLUCOKINASE_REGULATORY_PROTEIN,2,6.6453,1.9868,0.00044914,0.027585342336448597,1.0
C-reactive protein level,REACTOME_TRANSCRIPTIONAL_REG...2,REACTOME_TRANSCRIPTIONAL_REGULATION_BY_NPAS4,3,5.2069,1.5477,0.00041936,0.027585342336448597,1.0
C-reactive protein level,GOBP_HINDBRAIN_MORPHOGENESIS,GOBP_HINDBRAIN_MORPHOGENESIS,2,6.6079,1.9871,0.0004806,0.027759331592920353,1.0
C-reactive protein level,GOBP_NEGATIVE_REGULATION_OF_...72,GOBP_NEGATIVE_REGULATION_OF_GLUCONEOGENESIS,2,6.6162,1.9871,0.00047346,0.027759331592920353,1.0
C-reactive protein level,GOBP_REGULATION_OF_MACROPHAG...1,GOBP_REGULATION_OF_MACROPHAGE_ACTIVATION,6,3.0359,0.91158,0.00047229,0.027759331592920353,1.0
C-reactive protein level,GOBP_REGULATION_OF_MAST_CELL...,GOBP_REGULATION_OF_MAST_CELL_ACTIVATION,3,5.3998,1.6217,0.00047326,0.027759331592920353,1.0
C-reactive protein level,GOBP_RHYTHMIC_PROCESS,GOBP_RHYTHMIC_PROCESS,13,2.232,0.66892,0.00046175,0.027759331592920353,1.0
C-reactive protein level,GOCC_ARYL_HYDROCARBON_RECEPT...,GOCC_ARYL_HYDROCARBON_RECEPTOR_COMPLEX,2,7.163,2.1545,0.00048177,0.027759331592920353,1.0
C-reactive protein level,GOBP_ADAPTIVE_THERMOGENESIS,GOBP_ADAPTIVE_THERMOGENESIS,6,3.009,0.9118,0.00052477,0.02984956724137931,1.0
C-reactive protein level,GOBP_SMALL_MOLECULE_METABOLI...,GOBP_SMALL_MOLECULE_METABOLIC_PROCESS,54,1.2125,0.36781,0.0005313,0.02984956724137931,1.0
C-reactive protein level,MOOTHA_GLYCOGEN_METABOLISM,MOOTHA_GLYCOGEN_METABOLISM,2,5.1807,1.5717,0.0005318,0.02984956724137931,1.0
C-reactive protein level,PID_PI3K_PLC_TRK_PATHWAY,PID_PI3K_PLC_TRK_PATHWAY,2,12.163,3.6987,0.00054644,0.030409152478632483,1.0
C-reactive protein level,GOBP_IMMUNE_RESPONSE,GOBP_IMMUNE_RESPONSE,58,1.2021,0.36884,0.00060473,0.03336777144067797,1.0
C-reactive protein level,GOBP_REGULATION_OF_LIPID_LOC...,GOBP_REGULATION_OF_LIPID_LOCALIZATION,8,3.1715,0.97568,0.00062272,0.03407168,1.0
C-reactive protein level,GOBP_INTERLEUKIN_1_MEDIATED_...,GOBP_INTERLEUKIN_1_MEDIATED_SIGNALING_PATHWAY,2,5.0992,1.5723,0.00063873,0.034370008512396695,1.0
C-reactive protein level,GOBP_REGULATION_OF_INTERLEUK...,GOBP_REGULATION_OF_INTERLEUKIN_1_MEDIATED_SIGNALING_PATHWAY,2,5.0992,1.5723,0.00063873,0.034370008512396695,1.0
C-reactive protein level,GOBP_REGULATION_OF_INSULIN_S...1,GOBP_REGULATION_OF_INSULIN_SECRETION,12,2.4243,0.74953,0.00065806,0.0348343793495935,1.0
C-reactive protein level,PLASARI_TGFB1_TARGETS_10HR_UP,PLASARI_TGFB1_TARGETS_10HR_UP,7,3.0856,0.95344,0.00065373,0.0348343793495935,1.0
C-reactive protein level,GOBP_CIRCADIAN_REGULATION_OF...,GOBP_CIRCADIAN_REGULATION_OF_GENE_EXPRESSION,5,3.4696,1.0825,0.00072689,0.036536427910447755,1.0
C-reactive protein level,GOBP_DEFENSE_RESPONSE,GOBP_DEFENSE_RESPONSE,59,1.1478,0.35762,0.00071586,0.036536427910447755,1.0
C-reactive protein level,GOBP_POSITIVE_REGULATION_OF_...134,GOBP_POSITIVE_REGULATION_OF_IMMUNOGLOBULIN_PRODUCTION,2,5.0271,1.5729,0.0007495,0.036536427910447755,1.0
C-reactive protein level,GOBP_REGULATION_OF_GASTRULAT...,GOBP_REGULATION_OF_GASTRULATION,3,5.8078,1.8177,0.00075194,0.036536427910447755,1.0
C-reactive protein level,GOBP_REGULATION_OF_IMMUNOGLO...,GOBP_REGULATION_OF_IMMUNOGLOBULIN_PRODUCTION,2,5.0271,1.5729,0.0007495,0.036536427910447755,1.0
C-reactive protein level,GOMF_FATTY_ACID_BINDING,GOMF_FATTY_ACID_BINDING,2,5.0524,1.5727,0.00070883,0.036536427910447755,1.0
C-reactive protein level,GOMF_GTPASE_ACTIVITY,GOMF_GTPASE_ACTIVITY,10,3.1224,0.97274,0.00071529,0.036536427910447755,1.0
C-reactive protein level,GOMF_MODIFIED_AMINO_ACID_BIN...,GOMF_MODIFIED_AMINO_ACID_BINDING,2,10.068,3.1457,0.00073827,0.036536427910447755,1.0
C-reactive protein level,GOMF_PHOSPHATIDYLSERINE_BIND...,GOMF_PHOSPHATIDYLSERINE_BINDING,2,10.068,3.1457,0.00073827,0.036536427910447755,1.0
C-reactive protein level,PID_P53_DOWNSTREAM_PATHWAY,PID_P53_DOWNSTREAM_PATHWAY,5,3.9195,1.2255,0.00074378,0.036536427910447755,1.0
C-reactive protein level,RHEIN_ALL_GLUCOCORTICOID_THE...2,RHEIN_ALL_GLUCOCORTICOID_THERAPY_UP,2,10.105,3.1454,0.00070885,0.036536427910447755,1.0
C-reactive protein level,GOBP_CHEMICAL_HOMEOSTASIS,GOBP_CHEMICAL_HOMEOSTASIS,42,1.3226,0.41635,0.00080031,0.03859865488888889,1.0
C-reactive protein level,OSADA_ASCL1_TARGETS_UP,OSADA_ASCL1_TARGETS_UP,2,9.981,3.1463,0.00081222,0.038753281897810216,1.0
C-reactive protein level,WP_P53_TRANSCRIPTIONAL_GENE_...,WP_P53_TRANSCRIPTIONAL_GENE_NETWORK,3,4.7078,1.4846,0.00081542,0.038753281897810216,1.0
C-reactive protein level,GOBP_DEFENSE_RESPONSE_TO_OTH...,GOBP_DEFENSE_RESPONSE_TO_OTHER_ORGANISM,38,1.4262,0.45023,0.00082474,0.03891218942028986,1.0
C-reactive protein level,VILLANUEVA_LIVER_CANCER_KRT1...1,VILLANUEVA_LIVER_CANCER_KRT19_DN,5,3.4828,1.1007,0.00083484,0.03910534705035971,1.0
C-reactive protein level,GOBP_CELLULAR_RESPONSE_TO_LE...,GOBP_CELLULAR_RESPONSE_TO_LEPTIN_STIMULUS,3,4.6881,1.4848,0.00085355,0.03941463865248227,1.0
C-reactive protein level,GOBP_RESPONSE_TO_LEPTIN,GOBP_RESPONSE_TO_LEPTIN,3,4.6881,1.4848,0.00085355,0.03941463865248227,1.0
C-reactive protein level,GOBP_MACROPHAGE_COLONY_STIMU...,GOBP_MACROPHAGE_COLONY_STIMULATING_FACTOR_SIGNALING_PATHWAY,2,6.6536,2.1099,0.00086499,0.039431617692307686,1.0
C-reactive protein level,GOMF_WIDE_PORE_CHANNEL_ACTIV...,GOMF_WIDE_PORE_CHANNEL_ACTIVITY,2,9.8877,3.1358,0.00086603,0.039431617692307686,1.0
C-reactive protein level,WP_MELATONIN_METABOLISM_AND_...,WP_MELATONIN_METABOLISM_AND_EFFECTS,2,5.4899,1.7426,0.00087406,0.03952086569444444,1.0
C-reactive protein level,REACTOME_RNA_POLYMERASE_II_T...2,REACTOME_RNA_POLYMERASE_II_TRANSCRIPTION,50,1.1581,0.36807,0.00088554,0.0397637995862069,1.0
C-reactive protein level,GOBP_LEUKOCYTE_CELL_CELL_ADH...,GOBP_LEUKOCYTE_CELL_CELL_ADHESION,7,2.6568,0.84621,0.00090576,0.04011839020408164,1.0
C-reactive protein level,WP_CHOLESTEROL_METABOLISM,WP_CHOLESTEROL_METABOLISM,7,3.1481,1.0024,0.00090319,0.04011839020408164,1.0
C-reactive protein level,GOBP_ALPHA_BETA_T_CELL_ACTIV...,GOBP_ALPHA_BETA_T_CELL_ACTIVATION,11,2.314,0.73865,0.00092712,0.04078701567567568,1.0
C-reactive protein level,GOBP_RESPONSE_TO_CYTOKINE,GOBP_RESPONSE_TO_CYTOKINE,37,1.3447,0.43035,0.00095234,0.04161534053691275,1.0
C-reactive protein level,GOBP_TRANSCRIPTION_BY_RNA_PO...2,GOBP_TRANSCRIPTION_BY_RNA_POLYMERASE_III,3,4.0111,1.2866,0.00097438,0.042294587866666664,1.0
C-reactive protein level,GOBP_MYELOID_CELL_HOMEOSTASIS,GOBP_MYELOID_CELL_HOMEOSTASIS,12,2.2745,0.73109,0.00099606,0.04285266052631579,1.0
C-reactive protein level,GOBP_NEGATIVE_REGULATION_OF_...82,GOBP_NEGATIVE_REGULATION_OF_IMMUNE_RESPONSE,5,3.3688,1.0833,0.0010004,0.04285266052631579,1.0
C-reactive protein level,GOMF_NUCLEAR_RECEPTOR_ACTIVI...,GOMF_NUCLEAR_RECEPTOR_ACTIVITY,9,2.3211,0.74834,0.0010277,0.04373434444444445,1.0
C-reactive protein level,GOBP_REGULATION_OF_LYMPHOCYT...4,GOBP_REGULATION_OF_LYMPHOCYTE_MEDIATED_IMMUNITY,5,3.2136,1.0376,0.0010432,0.043947149677419355,1.0
C-reactive protein level,MITSIADES_RESPONSE_TO_APLIDI...2,MITSIADES_RESPONSE_TO_APLIDIN_UP,9,2.5778,0.83256,0.0010462,0.043947149677419355,1.0
C-reactive protein level,GOBP_T_CELL_DIFFERENTIATION,GOBP_T_CELL_DIFFERENTIATION,21,1.6198,0.52389,0.0010611,0.04428732115384615,1.0
C-reactive protein level,YAGI_AML_SURVIVAL,YAGI_AML_SURVIVAL,6,3.0074,0.97607,0.0010994,0.04559358853503184,1.0
C-reactive protein level,GOBP_CELLULAR_GLUCAN_METABOL...,GOBP_CELLULAR_GLUCAN_METABOLIC_PROCESS,4,3.8085,1.2376,0.0011131,0.045869582911392405,1.0
C-reactive protein level,REACTOME_SIGNALING_BY_LEPTIN,REACTOME_SIGNALING_BY_LEPTIN,3,3.9527,1.287,0.0011356,0.04650246289308176,1.0
C-reactive protein level,BROWNE_HCMV_INFECTION_30MIN_...2,BROWNE_HCMV_INFECTION_30MIN_UP,2,4.8249,1.5744,0.0011607,0.047233235624999995,1.0
C-reactive protein level,WP_MYOMETRIAL_RELAXATION_AND...,WP_MYOMETRIAL_RELAXATION_AND_CONTRACTION_PATHWAYS,13,2.102,0.68772,0.0011916,0.04818948819875776,1.0
C-reactive protein level,GRAHAM_CML_DIVIDING_VS_NORMA...,GRAHAM_CML_DIVIDING_VS_NORMAL_QUIESCENT_UP,4,5.3605,1.7573,0.0012152,0.04884053827160494,1.0
C-reactive protein level,GOBP_ENDOCRINE_SYSTEM_DEVELO...,GOBP_ENDOCRINE_SYSTEM_DEVELOPMENT,4,3.3931,1.1162,0.0012574,0.04931886385542169,1.0
C-reactive protein level,GOBP_ESTABLISHMENT_OF_PROTEI...1,GOBP_ESTABLISHMENT_OF_PROTEIN_LOCALIZATION,64,1.0766,0.3536,0.0012378,0.04931886385542169,1.0
C-reactive protein level,HIRSCH_CELLULAR_TRANSFORMATI...2,HIRSCH_CELLULAR_TRANSFORMATION_SIGNATURE_UP,13,2.1678,0.71295,0.0012546,0.04931886385542169,1.0
C-reactive protein level,SHETH_LIVER_CANCER_VS_TXNIP_...6,SHETH_LIVER_CANCER_VS_TXNIP_LOSS_PAM6,2,4.7877,1.5747,0.0012558,0.04931886385542169,1.0
C-reactive protein level,GOBP_LYMPHOCYTE_ACTIVATION_I...,GOBP_LYMPHOCYTE_ACTIVATION_INVOLVED_IN_IMMUNE_RESPONSE,11,2.1358,0.70304,0.0012656,0.04934324311377246,1.0
C-reactive protein level,DORSAM_HOXA9_TARGETS_DN,DORSAM_HOXA9_TARGETS_DN,2,6.0437,1.9914,0.0012787,0.049464336686390525,1.0
C-reactive protein level,REACTOME_NUCLEAR_RECEPTOR_TR...,REACTOME_NUCLEAR_RECEPTOR_TRANSCRIPTION_PATHWAY,9,2.2713,0.74871,0.0012839,0.049464336686390525,1.0
White blood cell count,GOCC_EXTERNAL_SIDE_OF_PLASMA...,GOCC_EXTERNAL_SIDE_OF_PLASMA_MEMBRANE,19,3.5594,0.77383,2.6002e-06,0.006714583133333334,0.0201437494
White blood cell count,GOCC_SIDE_OF_MEMBRANE,GOCC_SIDE_OF_MEMBRANE,36,2.8252,0.5937,1.2329e-06,0.006714583133333334,0.009551276300000001
White blood cell count,REACTOME_IMMUNOREGULATORY_IN...,REACTOME_IMMUNOREGULATORY_INTERACTIONS_BETWEEN_A_LYMPHOID_AND_A_NON_LYMPHOID_CELL,14,4.705,1.0222,2.5619e-06,0.006714583133333334,0.0198470393
White blood cell count,GOMF_ANTIGEN_BINDING,GOMF_ANTIGEN_BINDING,6,5.6495,1.3399,1.4407e-05,0.02790275725,0.111611029
White blood cell count,GOBP_IMMUNE_RESPONSE,GOBP_IMMUNE_RESPONSE,102,1.535,0.3713,2.0445e-05,0.031677483000000006,0.158387415
White blood cell count,REACTOME_TCR_SIGNALING,REACTOME_TCR_SIGNALING,9,4.5539,1.1165,2.5811e-05,0.033326302833333335,0.199957817
White blood cell count,GOBP_CELL_CELL_ADHESION,GOBP_CELL_CELL_ADHESION,62,1.7558,0.44631,4.6818e-05,0.04533738075,0.36269904599999997
White blood cell count,KEGG_INTESTINAL_IMMUNE_NETWO...,KEGG_INTESTINAL_IMMUNE_NETWORK_FOR_IGA_PRODUCTION,5,6.5478,1.6634,4.6366e-05,0.04533738075,0.359197402
